symbol,first_seen,worst_annual
PF_2ZUSD,2026-09-29,2.8548
PF_UNIUSD,2026-09-26,4.9341
PF_ENJUSD,2026-09-30,1.2864
PF_NEARUSD,2026-09-30,1.0513
PF_AVAXUSD,2026-09-29,2.8983
PF_SOLUSD,2026-09-29,8.0396
PF_RAREUSD,2026-09-29,0.7907
PF_SPXUSD,2026-09-29,1.0924
PF_APTUSD,2026-09-30,0.5584
PF_RUNEUSD,2026-09-29,0.5470
PF_ETHFIUSD,2026-09-26,2.4606
PF_GRASSUSD,2026-09-30,0.4526
PF_VETUSD,2026-09-29,0.3880
PF_GMTUSD,2026-09-30,0.3732
PF_SWARMSUSD,2026-09-29,0.3541
PF_LINKUSD,2026-09-26,6.0031
